<?xml version='1.0' encoding='UTF-8'?>
<package uuid="mouse_motion-3bf9b6" version="0.0.0">
 <names>
  <name lang="en_US">mouse_motion</name>
 </names>
 <descriptions>
  <description lang="en_US">Do the elephant motion</description>
 </descriptions>
 <descriptionLanguages>
  <language>en_US</language>
 </descriptionLanguages>
 <contents>
  <behaviorContent path="behavior_1">
   <userRequestable/>
   <nature>interactive</nature>
   <autonomous/>
   <permissions/>
  </behaviorContent>
 </contents>
</package>
